agent_id,first_name,last_name,email,phone_number,office_location,region,specialization,secondary_specialization,experience_level,years_of_experience,hire_date,agency_type,license_number,active_clients,policy_conversion_rate,customer_satisfaction_score,annual_sales_target,ytd_sales,ytd_target_percentage,average_policy_value,commission_tier,training_completed,performance_rating,retention_rate,cross_sell_ratio
AG0001,Belinda,Morgan,nicolas30@example.net,245-411-4108x618,"South Amy, NE",Northeast,Auto,Multi-line,Senior,5,2020-05-31,Direct,LIC-44606-Gf,117,0.3,6.3,888227,802718,90.4,1449,D,False,Exceeds,0.92,1.7
AG0002,Hannah,Wagner,debbiewolfe@example.com,929-568-6073,"Morrisshire, AR",Midwest,Multi-line,Auto,Executive,6,2019-06-01,Corporate,LIC-02530-pq,68,0.77,9.9,978917,471908,48.2,4073,C,False,Below,0.93,2.0
AG0003,Teresa,Pierce,amandaperez@example.org,4762145763,"Adamview, PA",Midwest,Auto,High-value,Executive,8,2017-06-01,Corporate,LIC-03942-jM,102,0.78,8.9,693296,607467,87.6,2757,B,True,Exceeds,0.87,1.4
AG0004,Timothy,Rosales,justin38@example.com,879-454-6225x739,"Leemouth, MI",Midwest,Life,Auto,Mid-level,3,2022-05-31,Captive,LIC-65590-Eb,257,0.73,7.1,488139,261345,53.5,3609,A,False,Exceeds,0.94,2.0
AG0005,Robert,Burns,nbrown@example.com,(955)384-9845x498,"Port Nataliefurt, NJ",Southwest,Home,Auto,Executive,21,2004-06-04,Captive,LIC-52551-Jh,107,0.75,7.7,564812,537791,95.2,2451,B,False,Exceeds,0.91,0.6
AG0006,Adrienne,Duran,tara27@example.net,763-208-4627x2799,"South Stephen, PW",Midwest,Home,Life,Mid-level,9,2016-06-01,Captive,LIC-12022-Ho,67,0.75,9.4,590490,396753,67.2,2664,B,False,Exceeds,0.75,1.6
AG0007,Meghan,Gillespie,sullivandavid@example.org,331.740.5953,"Villanuevaport, MA",Southeast,Life,Health,Executive,9,2016-06-01,Captive,LIC-91511-wa,177,0.55,7.9,800472,405728,50.7,2501,C,True,Below,0.84,1.8
AG0008,Christopher,Carlson,mendezbrianna@example.com,495-358-8691x23709,"Lake Diamond, NJ",Midwest,Health,Small Business,Mid-level,11,2014-06-02,Independent,LIC-11418-MO,169,0.89,9.2,926806,942720,101.7,2736,C,True,Exceeds,0.87,1.3
AG0009,Christopher,Nichols,louis62@example.net,833.367.2530,"Port Lindaton, FM",Southeast,Auto,Commercial,Mid-level,16,2009-06-03,Captive,LIC-24710-CL,285,0.67,10.0,1122318,706830,63.0,3197,A,True,Exceeds,0.79,1.8
AG0010,Todd,Wilson,phillipmarshall@example.org,783.360.3717x45259,"North Ricardomouth, OR",West,High-value,Life,Mid-level,16,2009-06-03,Direct,LIC-90611-jP,152,0.8,8.9,511754,282767,55.3,1782,B,False,Exceeds,0.79,2.2
AG0011,Justin,Woods,mary59@example.net,397.423.0509x8723,"West Lawrenceville, KY",Northwest,High-value,Home,Mid-level,15,2010-06-03,Direct,LIC-86443-NP,231,0.52,8.5,893398,815274,91.3,4327,B,True,Below,0.91,1.3
AG0012,Steven,Long,kevin54@example.org,780-763-8773x687,"West Jacquelinechester, ND",Northwest,Small Business,Home,Executive,9,2016-06-01,Corporate,LIC-11307-YZ,106,0.67,8.4,463131,304819,65.8,1878,B,False,Below,0.82,2.7
AG0013,Melanie,Ray,anna42@example.com,874-863-0967x11208,"Carolstad, KS",Northwest,Health,High-value,Executive,15,2010-06-03,Corporate,LIC-07174-jI,110,0.7,8.3,1240785,1187513,95.7,2984,C,True,Below,0.83,1.4
AG0014,Kenneth,Warren,joshua31@example.com,803.828.7731x40312,"Lambfort, KY",West,High-value,Farm,Senior,9,2016-06-01,Independent,LIC-35005-BR,154,0.47,8.0,762370,764576,100.3,2281,D,True,Meets,0.81,1.8
AG0015,Anthony,Williamson,zgray@example.net,+1-513-943-4478x945,"New Shannonchester, VA",Northwest,Commercial,Auto,Executive,21,2004-06-04,Captive,LIC-46067-VF,64,0.67,8.8,1142092,460012,40.3,3274,A,False,Exceeds,0.83,1.0
AG0016,Mary,Curtis,yolandaarmstrong@example.org,597-384-6132x01162,"Stoneville, AK",Northeast,Commercial,High-value,Mid-level,9,2016-06-01,Corporate,LIC-08478-DL,100,0.4,8.9,874139,976324,111.7,3569,B,True,Below,0.75,2.1
AG0017,Ronald,White,barnold@example.com,2673974250,"North Justin, AR",Northwest,Small Business,Farm,Mid-level,9,2016-06-01,Corporate,LIC-32458-re,151,0.6,9.3,791948,931085,117.6,1903,A,False,Below,0.83,0.5
AG0018,Rebecca,Conrad,sarahpeck@example.org,(794)651-9556x7457,"Seanmouth, AK",Southeast,Commercial,High-value,Mid-level,7,2018-06-01,Direct,LIC-79393-LL,93,0.61,8.1,632986,725412,114.6,4250,C,False,Below,0.96,2.0
AG0019,Brenda,Gilbert,dlewis@example.com,+1-844-789-2130,"Smithmouth, LA",West,High-value,Commercial,Mid-level,4,2021-05-31,Direct,LIC-82814-ce,129,0.47,8.7,698238,530925,76.0,3483,B,True,Exceeds,0.86,1.3
AG0020,Samantha,Hays,nortonheather@example.org,001-903-415-2261x2827,"Moralesbury, KY",Southeast,Life,Commercial,Mid-level,16,2009-06-03,Independent,LIC-37522-TN,169,0.79,7.2,994371,619980,62.3,3373,B,True,Below,0.86,1.6
AG0021,Carolyn,Cabrera,priscillacurry@example.net,368-296-9992,"Jennaside, TX",West,Home,Health,Senior,8,2017-06-01,Independent,LIC-23886-BY,64,0.63,7.6,1058941,1034136,97.7,2803,B,True,Meets,0.8,1.5
AG0022,Jason,Horne,mirandachristopher@example.com,001-604-758-4421x853,"Susanshire, AL",Southeast,Auto,High-value,Executive,20,2005-06-04,Captive,LIC-15484-bZ,126,0.71,8.8,595453,524659,88.1,1536,C,True,Below,0.86,0.5
AG0023,Ryan,Hughes,gatesmichael@example.org,779-286-0028,"Brittanyburgh, ID",Northeast,Health,Multi-line,Mid-level,16,2009-06-03,Direct,LIC-33889-ww,110,0.61,7.6,1218488,1157504,95.0,4052,C,True,Exceeds,0.85,1.9
AG0024,Laura,Mcneil,delgadostacy@example.org,001-400-754-9641x28750,"South Patriciaview, MA",Midwest,Life,Multi-line,Executive,8,2017-06-01,Corporate,LIC-62502-sj,183,0.57,8.6,601228,524397,87.2,2114,A,True,Below,0.9,0.9
AG0025,Marissa,Johnson,dawncox@example.org,295-904-4253,"Fernandezfurt, IA",Midwest,Multi-line,Auto,Executive,16,2009-06-03,Independent,LIC-11295-nG,102,0.59,7.6,582240,561853,96.5,3135,B,True,Below,0.93,2.6
AG0026,Mary,Brown,chanson@example.org,362.456.9204,"West Georgestad, IA",Midwest,Health,Home,Mid-level,2,2023-05-31,Direct,LIC-05146-cR,67,0.59,7.7,613271,713580,116.4,2055,B,True,Below,0.86,1.6
AG0027,Gary,Wilson,abridges@example.org,+1-396-484-7710x60644,"Waltonfort, LA",West,Farm,Multi-line,Junior,18,2007-06-04,Captive,LIC-10132-mH,253,0.52,8.4,1155456,944966,81.8,1575,C,True,Exceeds,0.92,2.0
AG0028,Scott,Dalton,michelleberg@example.com,388.364.5780,"West Jenniferburgh, UT",West,Health,Small Business,Executive,12,2013-06-02,Direct,LIC-59369-ZH,105,0.61,6.2,774224,668499,86.3,3984,C,True,Below,0.78,2.3
AG0029,Brian,Curry,carolynpierce@example.org,4662672044,"Williamsville, MN",Southwest,Life,Small Business,Mid-level,13,2012-06-02,Independent,LIC-64492-lA,222,0.53,8.6,667593,640522,95.9,2477,B,True,Exceeds,0.82,1.5
AG0030,Laura,Green,sandersmorgan@example.net,(550)318-1229,"North Jessicaberg, KY",Northeast,Auto,High-value,Executive,12,2013-06-02,Direct,LIC-97952-sX,52,0.35,8.8,868216,351229,40.5,1453,C,False,Below,0.79,1.8
AG0031,Heather,Jefferson,barberpatricia@example.org,880.580.5121,"Stephaniebury, IN",Southeast,High-value,Multi-line,Junior,21,2004-06-04,Direct,LIC-42716-JF,105,0.71,7.3,689136,527261,76.5,3140,B,False,Below,0.98,1.7
AG0032,Chad,Jones,lmartinez@example.com,8232541143,"Gonzalezton, AL",West,Multi-line,Auto,Executive,12,2013-06-02,Independent,LIC-56066-Yl,144,0.87,8.7,848765,598089,70.5,3239,B,False,Below,0.84,2.1
AG0033,Thomas,Houston,mschroeder@example.com,5926208827,"North Steventon, IN",Southeast,Life,Small Business,Senior,13,2012-06-02,Direct,LIC-71369-BF,198,0.61,7.5,703139,281635,40.1,2325,A,True,Below,0.92,1.6
AG0034,Brandon,Mcmillan,meyerheather@example.net,866-346-0423,"New Theresafort, UT",Northwest,Multi-line,Small Business,Executive,7,2018-06-01,Independent,LIC-41198-Yy,114,0.64,7.7,935010,873632,93.4,2182,C,True,Exceeds,0.76,2.3
AG0035,Gabriella,Sanders,cathy43@example.com,2849183499,"Cindyton, GA",Southwest,Small Business,Farm,Junior,17,2008-06-03,Direct,LIC-63409-zp,196,0.6,7.1,890482,657404,73.8,3249,A,False,Below,0.78,2.6
AG0036,Gabriel,Perez,christopher49@example.net,446.442.1829x4972,"West Cynthia, IA",Southeast,High-value,Auto,Mid-level,5,2020-05-31,Corporate,LIC-75534-mQ,244,0.72,7.9,1107467,799410,72.2,1272,C,True,Meets,0.98,2.1
AG0037,Rebecca,Robinson,dwiggins@example.org,(438)622-3435,"New Rogerport, NE",Northwest,Multi-line,Commercial,Mid-level,16,2009-06-03,Captive,LIC-46791-qz,72,0.84,8.9,668272,717665,107.4,1580,D,False,Meets,0.83,1.3
AG0038,Ariel,Flores,michaelchavez@example.net,875-572-6005,"South Andrewhaven, AZ",Southwest,Commercial,Life,Junior,14,2011-06-03,Direct,LIC-22409-Wx,257,0.56,7.8,563639,608886,108.0,2426,B,False,Exceeds,0.88,1.4
AG0039,Selena,Garcia,tiffanyvaughn@example.com,576.502.1928x35198,"Elizabethmouth, VI",Northeast,Commercial,Farm,Senior,10,2015-06-02,Independent,LIC-49790-BL,123,0.61,8.7,690481,660369,95.6,3743,C,True,Exceeds,0.87,2.4
AG0040,Dennis,Campbell,davidgonzalez@example.org,415.338.6480x04840,"West Antonio, CT",Northwest,Home,Small Business,Executive,7,2018-06-01,Independent,LIC-82496-LV,182,0.7,8.1,849150,368877,43.4,2156,A,False,Exceeds,0.65,2.5
AG0041,Matthew,Porter,scott11@example.net,6256956826,"North Lindseybury, PR",Southeast,Home,Commercial,Senior,16,2009-06-03,Independent,LIC-31105-Hj,96,0.65,9.4,751225,737165,98.1,1521,D,False,Below,0.84,2.0
AG0042,Wayne,Peterson,patrick71@example.com,598.949.1746,"South David, VI",Northeast,High-value,Farm,Executive,18,2007-06-04,Corporate,LIC-48375-pP,145,0.79,8.9,1238675,935661,75.5,3775,D,False,Meets,0.88,0.9
AG0043,Rebecca,Barton,leewillis@example.org,+1-663-674-3414x288,"East Alicia, MI",Northeast,Small Business,Commercial,Executive,17,2008-06-03,Captive,LIC-63497-iz,196,0.79,7.3,1010873,536430,53.1,1821,D,True,Below,0.76,2.5
AG0044,Gina,Wiley,thomasgarcia@example.com,690.866.5008,"Moraleston, AR",Northeast,Home,Auto,Mid-level,17,2008-06-03,Direct,LIC-44953-zO,69,0.95,7.3,705712,304750,43.2,1523,C,True,Meets,0.87,1.2
AG0045,Kimberly,Lee,fcontreras@example.com,+1-580-516-7995x5530,"West Ruthfort, NV",Northeast,Health,Life,Junior,20,2005-06-04,Corporate,LIC-28056-mh,85,0.9,7.9,538274,383995,71.3,1640,C,True,Exceeds,0.74,1.3
AG0046,Tammy,Marquez,uperez@example.com,269-264-8399x58483,"Mariabury, NM",Northwest,Home,Auto,Junior,9,2016-06-01,Corporate,LIC-09968-RJ,148,0.76,9.7,470954,293673,62.4,2227,B,True,Below,0.84,1.9
AG0047,Connor,Watson,ryanmorgan@example.org,(434)467-4273x628,"Roseton, OK",Northeast,Health,Life,Senior,16,2009-06-03,Independent,LIC-77318-zg,120,0.52,8.9,1176706,537883,45.7,2827,A,False,Meets,0.81,1.2
AG0048,Margaret,Nguyen,paularamos@example.org,825-347-1218x91272,"New Angel, MO",Southeast,Health,Home,Junior,13,2012-06-02,Captive,LIC-21280-bZ,149,0.65,6.2,677762,301793,44.5,2254,D,True,Below,0.7,1.1
AG0049,Frank,Morrison,xchan@example.org,563.403.8276x90674,"Jonesport, PW",Northeast,Commercial,Home,Senior,5,2020-05-31,Direct,LIC-52189-hK,110,0.55,7.5,1235801,1332103,107.8,1151,A,True,Exceeds,0.75,2.0
AG0050,Steven,Arnold,oconnelljohn@example.com,676.656.2330,"North Josephview, VI",West,Farm,High-value,Senior,12,2013-06-02,Captive,LIC-44312-eu,115,0.83,7.7,643337,444897,69.2,2975,D,False,Exceeds,0.96,1.5
AG0051,Larry,Thompson,robertpowell@example.org,(575)649-2717x8138,"Bellmouth, MD",Northwest,High-value,Multi-line,Junior,15,2010-06-03,Direct,LIC-24275-VJ,153,0.67,5.6,1311797,1333590,101.7,3818,A,False,Below,0.84,0.8
AG0052,Robert,Gonzalez,john09@example.net,756.986.6233x3525,"Sandraville, AS",Southwest,Home,Small Business,Junior,22,2003-06-05,Direct,LIC-82199-El,82,0.53,8.1,1139283,663467,58.2,1055,A,False,Below,0.88,1.1
AG0053,Joseph,Douglas,ashley02@example.net,9867740015,"West Edgarburgh, SD",Northeast,High-value,Farm,Mid-level,26,1999-06-06,Captive,LIC-44754-PW,173,0.64,7.2,555008,280430,50.5,1389,C,True,Below,0.79,1.3
AG0054,Adrienne,Peterson,acampbell@example.com,400-642-4142x9770,"Port Davidmouth, WV",Northeast,Home,Small Business,Junior,13,2012-06-02,Captive,LIC-63240-Iw,134,0.65,9.3,444802,316087,71.1,3274,D,True,Below,0.9,1.2
AG0055,Christopher,Salazar,mitchellcesar@example.com,632.889.8286x8439,"Lake Laurenside, TX",Southeast,Home,Multi-line,Senior,13,2012-06-02,Independent,LIC-82919-so,253,0.41,8.5,650774,505460,77.7,1658,C,True,Exceeds,0.86,2.3
AG0056,Carolyn,Stone,fjohnson@example.com,+1-797-225-0308,"Port Matthew, ID",Northeast,Small Business,Multi-line,Senior,6,2019-06-01,Corporate,LIC-94141-cq,207,0.75,8.2,707567,505421,71.4,1693,B,False,Meets,0.94,1.9
AG0057,Shannon,Holloway,cohenjudith@example.com,797.441.5448,"Lake Richardmouth, WY",Southeast,Auto,Farm,Executive,22,2003-06-05,Captive,LIC-00210-IZ,83,0.95,8.0,332754,190455,57.2,1743,B,True,Exceeds,0.83,1.4
AG0058,Christina,Barton,ashley07@example.net,(722)335-8749x3615,"Jacobburgh, MI",West,Multi-line,Auto,Senior,9,2016-06-01,Direct,LIC-13528-tT,272,0.66,8.3,712653,535180,75.1,1471,B,False,Exceeds,0.98,1.5
AG0059,Kathryn,Cruz,lawrence82@example.net,461-817-8769,"Port Natalie, MH",Northwest,Small Business,Auto,Executive,4,2021-05-31,Independent,LIC-68741-BF,69,0.57,8.5,524725,440262,83.9,3977,C,True,Exceeds,0.94,2.6
AG0060,Bryan,Evans,lbrennan@example.com,001-229-224-7242,"Burkeland, AS",West,Home,Auto,Mid-level,13,2012-06-02,Captive,LIC-08934-vM,67,0.78,6.7,701853,509550,72.6,2863,A,False,Exceeds,0.83,1.5
AG0061,Shawn,Rojas,jnielsen@example.org,386-256-0860x94036,"Stephanieburgh, MO",Southeast,Farm,Home,Executive,19,2006-06-04,Captive,LIC-72378-hS,104,0.83,9.7,707320,297493,42.1,2866,B,True,Below,0.86,2.9
AG0062,Tiffany,Harris,barnespamela@example.org,671.935.0529,"Wonghaven, IN",Midwest,Health,Home,Senior,25,2000-06-05,Independent,LIC-13066-Pa,130,0.63,8.7,1059854,865508,81.7,2320,C,False,Below,0.86,1.3
AG0063,Shawn,Powers,floresshane@example.net,(919)258-2497x5298,"North Barbarashire, AK",Southeast,Multi-line,Auto,Executive,22,2003-06-05,Corporate,LIC-52328-Ey,98,0.75,8.9,539946,298792,55.3,1642,C,True,Meets,0.91,0.5
AG0064,William,Wilson,ievans@example.net,(951)842-2080x7397,"Kimberlyfort, NM",Southwest,Small Business,High-value,Senior,9,2016-06-01,Captive,LIC-61000-pT,58,0.37,10.0,622244,369786,59.4,3739,A,True,Meets,0.87,2.6
AG0065,Andrew,Ruiz,taylormichael@example.net,303-721-9213x592,"Port Kevin, KY",Northwest,Life,Commercial,Executive,7,2018-06-01,Independent,LIC-66301-th,73,0.61,8.3,1417057,646257,45.6,2937,C,True,Exceeds,0.86,0.9
AG0066,Jason,Smith,thomas40@example.com,946-350-7618x81895,"Moorebury, VI",Southwest,High-value,Farm,Mid-level,5,2020-05-31,Corporate,LIC-66143-NJ,202,0.72,9.7,476124,470763,98.9,2419,D,False,Below,0.72,1.6
AG0067,Lori,Walsh,marshalljennifer@example.com,+1-485-901-5140x2960,"Kimview, MH",West,High-value,Auto,Mid-level,17,2008-06-03,Direct,LIC-89735-EO,183,0.79,7.3,1080796,489945,45.3,1733,A,True,Below,0.73,0.5
AG0068,Richard,Bishop,silvaamanda@example.net,+1-615-390-4737,"New Miranda, AL",Northwest,Commercial,Health,Junior,11,2014-06-02,Direct,LIC-88762-WX,128,0.62,7.0,773120,530985,68.7,3372,D,True,Exceeds,0.72,1.8
AG0069,Rachel,Hansen,zjohnson@example.net,588.698.8885x46469,"North Cheryl, WA",Southwest,Commercial,High-value,Junior,15,2010-06-03,Corporate,LIC-74746-yG,67,0.56,9.2,881073,748508,85.0,1889,B,True,Exceeds,0.98,2.1
AG0070,Justin,Hill,brownmichelle@example.net,685.254.6170x08509,"Carlaville, AL",Northwest,Life,Small Business,Junior,20,2005-06-04,Independent,LIC-00622-Mx,108,0.65,8.8,811887,614576,75.7,1260,D,False,Exceeds,0.96,1.4
AG0071,Cassandra,Meyer,kyle61@example.org,803.370.6327,"Andrewfort, WY",West,Farm,Small Business,Executive,18,2007-06-04,Captive,LIC-39268-xq,220,0.5,8.3,568825,628717,110.5,2280,A,True,Below,0.98,1.1
AG0072,Katherine,Hall,mjarvis@example.com,001-887-592-2816x508,"East Benjaminfort, WV",Northwest,Commercial,Auto,Mid-level,6,2019-06-01,Corporate,LIC-63336-gQ,257,0.58,8.0,886360,546613,61.7,3405,D,False,Exceeds,0.87,2.5
AG0073,Michele,Garcia,owood@example.com,001-832-416-8164,"Schultzview, MT",Southeast,Auto,High-value,Mid-level,12,2013-06-02,Independent,LIC-59897-iN,49,0.83,7.8,556016,559311,100.6,4124,C,True,Meets,0.78,2.5
AG0074,Scott,Durham,ralphyoung@example.org,+1-233-729-8866,"Jacobsonhaven, DC",Southwest,Small Business,Farm,Junior,16,2009-06-03,Direct,LIC-75053-fr,188,0.57,8.9,1002573,714668,71.3,1678,C,True,Below,0.79,2.7
AG0075,Christian,Wallace,mary27@example.net,(295)536-7265x10979,"Mortonstad, AK",Northeast,Auto,Small Business,Junior,21,2004-06-04,Independent,LIC-13274-KJ,212,0.6,6.6,875611,802474,91.6,2356,A,False,Below,0.93,1.5
AG0076,Katie,Rowe,icook@example.com,333.741.6025,"Port Brandonshire, GA",Northwest,Multi-line,Auto,Junior,9,2016-06-01,Direct,LIC-79122-BG,41,0.63,7.4,1018233,913882,89.8,2532,C,False,Meets,0.91,1.8
AG0077,Mary,Martinez,dphillips@example.org,001-923-489-2848,"Michaelstad, MN",Northeast,Home,Multi-line,Mid-level,8,2017-06-01,Direct,LIC-56223-Nu,171,0.58,6.5,666614,432834,64.9,2705,B,False,Exceeds,0.9,2.1
AG0078,Kathleen,Alexander,grayshannon@example.org,+1-260-458-1446x02921,"North Jordan, LA",Northwest,Multi-line,Auto,Mid-level,22,2003-06-05,Captive,LIC-88200-os,165,0.69,8.2,578635,413116,71.4,2382,D,False,Exceeds,0.84,2.6
AG0079,Joshua,Young,ryan42@example.org,001-786-516-7332x5937,"Valdezmouth, NH",Northwest,Farm,Home,Senior,18,2007-06-04,Independent,LIC-79376-ok,52,0.67,8.5,1008249,872144,86.5,1581,D,False,Below,0.69,2.4
AG0080,Brandon,Rivera,laura97@example.com,5594173254,"West Bridgetstad, PW",Southeast,Auto,Health,Junior,4,2021-05-31,Corporate,LIC-67007-Jy,71,0.65,5.9,575908,351777,61.1,2311,D,False,Below,0.73,2.0
AG0081,Gary,Miller,gabrielho@example.net,511-451-5187,"Jeffreyburgh, VI",Southwest,Home,Life,Executive,13,2012-06-02,Corporate,LIC-12500-eH,232,0.64,9.1,1107547,1181552,106.7,1321,C,False,Exceeds,0.85,1.1
AG0082,Brenda,Perez,olsonsamuel@example.org,820-585-8855,"Morrisonfurt, MN",Southeast,Auto,Multi-line,Executive,13,2012-06-02,Direct,LIC-16232-sd,25,0.38,7.4,877323,1031061,117.5,4314,B,True,Meets,0.86,1.6
AG0083,Michael,Singh,bakerjeffrey@example.com,434-831-2870x0236,"North James, GA",Southeast,Multi-line,Life,Senior,5,2020-05-31,Captive,LIC-13296-Ca,28,0.53,7.4,1435541,1514237,105.5,2698,B,False,Exceeds,0.88,2.3
AG0084,William,Mcgrath,patrickdavis@example.net,6092064387,"Christopherstad, MH",Southwest,Auto,Health,Executive,9,2016-06-01,Direct,LIC-37841-zA,266,0.93,6.5,1312705,1477782,112.6,2156,D,False,Meets,0.81,2.3
AG0085,Julie,Reed,pmoses@example.org,372.544.2731x8202,"South Michaelshire, ND",Southeast,High-value,Multi-line,Senior,9,2016-06-01,Captive,LIC-53164-mq,124,0.58,7.7,891249,985713,110.6,1638,C,True,Meets,0.71,0.8
AG0086,Melissa,Donaldson,watsonkevin@example.org,(985)996-1421,"Kellyfurt, PA",Southeast,High-value,Health,Mid-level,27,1998-06-06,Corporate,LIC-69619-wD,96,0.6,9.2,1195090,1110374,92.9,2790,A,True,Exceeds,0.84,2.0
AG0087,Brendan,Avery,steve36@example.net,(352)674-8744x94152,"West Samanthaton, KY",Northwest,Farm,Auto,Junior,15,2010-06-03,Independent,LIC-79006-Uq,263,0.49,7.3,821832,366024,44.5,2164,D,True,Exceeds,0.8,0.7
AG0088,Isaac,Baldwin,kperez@example.org,967.867.0968x62998,"Kimstad, FM",Northeast,Commercial,Life,Mid-level,14,2011-06-03,Independent,LIC-05850-iK,175,0.51,8.2,1417500,698176,49.3,2124,C,True,Meets,0.79,1.9
AG0089,Eric,Harper,lyoung@example.org,001-449-656-2086x6141,"Mclaughlinmouth, VT",Midwest,Auto,Farm,Executive,12,2013-06-02,Direct,LIC-81152-ai,96,0.71,6.1,928313,378476,40.8,1236,A,False,Meets,0.98,1.8
AG0090,Troy,Green,myersjennifer@example.net,752.227.3352x948,"Anthonyberg, IL",Southwest,Auto,Farm,Senior,2,2023-05-31,Direct,LIC-99720-jv,129,0.64,8.1,660891,308962,46.7,1778,C,True,Meets,0.9,1.4
AG0091,Chad,Hernandez,elizabeth20@example.net,+1-832-402-1737x188,"Fosterton, MN",Northwest,Health,High-value,Junior,6,2019-06-01,Corporate,LIC-14676-BV,166,0.74,8.2,863615,499780,57.9,2108,B,True,Below,0.78,1.9
AG0092,Sarah,Gill,robert92@example.net,391.312.1805,"Powersstad, VT",Southeast,High-value,Farm,Executive,11,2014-06-02,Captive,LIC-99137-yl,194,0.33,6.1,1047918,560763,53.5,3118,A,False,Meets,0.8,1.6
AG0093,Travis,Bond,jameswillis@example.com,515.777.2913,"Johnnyville, MP",Northwest,Auto,Commercial,Executive,9,2016-06-01,Captive,LIC-94429-uh,114,0.83,9.2,1305578,1337457,102.4,2675,B,False,Meets,0.76,1.8
AG0094,Henry,Steele,donnapayne@example.net,001-241-422-7463x356,"Martinezhaven, KY",Northeast,Multi-line,Life,Senior,11,2014-06-02,Corporate,LIC-11129-iu,264,0.74,8.3,672873,460622,68.5,2406,D,False,Below,0.79,1.3
AG0095,Jeffrey,Mooney,perezmichael@example.com,325.448.0479x81734,"Lake Emily, VI",Northwest,Commercial,Health,Executive,6,2019-06-01,Direct,LIC-94959-VV,272,0.59,8.2,725822,624863,86.1,2797,C,True,Below,0.81,1.9
AG0096,Edward,Dorsey,jcortez@example.net,8242047025,"Port Jennaland, UT",Southeast,Farm,Auto,Mid-level,11,2014-06-02,Direct,LIC-63956-QN,115,0.74,7.9,555470,650295,117.1,2539,D,False,Exceeds,0.95,1.7
AG0097,Angelica,Hester,burchbrooke@example.com,+1-575-476-1174x05914,"Jasmineville, AL",Midwest,Health,Multi-line,Mid-level,7,2018-06-01,Independent,LIC-12781-zU,105,0.84,7.7,786079,808023,102.8,1094,D,True,Meets,0.93,1.9
AG0098,Marvin,Shaffer,christopherbarnett@example.net,(928)989-1131,"New Christopherbury, SC",West,Auto,Home,Senior,12,2013-06-02,Corporate,LIC-60635-cg,161,0.64,10.0,1014887,1032048,101.7,4579,C,True,Below,0.65,2.0
AG0099,Christina,Davis,caseychristian@example.org,+1-976-973-5454,"East James, PR",Southwest,Health,Farm,Mid-level,8,2017-06-01,Captive,LIC-99049-SV,262,0.81,8.1,423605,327987,77.4,4686,B,False,Exceeds,0.72,2.4
AG0100,Scott,Shaw,danielclark@example.org,(370)983-2704x0730,"South Janetside, WY",Southeast,Auto,Home,Senior,7,2018-06-01,Independent,LIC-32005-CL,101,0.55,8.2,948594,918603,96.8,1569,D,False,Exceeds,0.89,1.7
AG0101,Albert,Rogers,jaredsimmons@example.com,999.893.7460,"Harrismouth, CT",Northwest,Health,High-value,Junior,16,2009-06-03,Direct,LIC-08071-zX,217,0.88,8.2,967528,1042568,107.8,1580,A,True,Exceeds,0.82,2.2
AG0102,Amy,Stark,juliantaylor@example.com,(722)855-8363x234,"New Zacharytown, VI",Southwest,Small Business,Farm,Junior,23,2002-06-05,Corporate,LIC-29445-kB,67,0.7,8.0,1302247,1307970,100.4,4387,A,True,Exceeds,0.86,1.7
AG0103,Andrew,Daniels,perrydana@example.org,(682)432-4717,"West Olivia, OK",West,Small Business,Multi-line,Executive,11,2014-06-02,Independent,LIC-87317-lB,183,0.93,8.7,1314951,923720,70.2,1622,C,True,Below,0.8,1.5
AG0104,Alexis,Fuller,bfoster@example.org,924.815.2207x788,"North Amyhaven, NC",West,Small Business,Multi-line,Mid-level,14,2011-06-03,Independent,LIC-10834-bg,94,0.56,7.5,1152383,801615,69.6,2476,C,False,Below,0.79,1.6
AG0105,Robin,Gallagher,krystaltorres@example.com,905-700-1334,"Tracishire, MA",Northwest,Auto,Multi-line,Senior,9,2016-06-01,Direct,LIC-80956-Ii,102,0.78,8.0,645837,588289,91.1,3213,A,True,Below,0.91,2.1
AG0106,Barbara,Miller,marshnatasha@example.net,(819)828-1341,"West Kaylaport, CT",Northwest,Commercial,Health,Senior,24,2001-06-05,Corporate,LIC-06192-gV,124,0.59,9.5,1060943,891646,84.0,1741,D,True,Below,0.77,1.2
AG0107,Kristen,Koch,tandrews@example.com,672.842.4649,"Brianfort, AZ",West,Health,Multi-line,Executive,6,2019-06-01,Captive,LIC-20745-FW,221,0.82,8.5,557071,276219,49.6,2306,B,False,Meets,0.83,1.6
AG0108,Sara,Harris,carolflynn@example.org,+1-527-308-3606,"Port Ashley, DE",Northeast,Life,Health,Senior,9,2016-06-01,Independent,LIC-76999-HX,205,0.54,7.4,918391,1093409,119.1,1998,A,False,Exceeds,0.82,2.3
AG0109,Stephanie,Murphy,sydney15@example.org,+1-713-291-4961x2744,"Mariaville, WA",Midwest,Home,Auto,Executive,7,2018-06-01,Corporate,LIC-39831-uM,156,0.8,6.6,673268,520460,77.3,1650,A,True,Meets,0.77,2.6
AG0110,Kara,Noble,pphillips@example.com,4259314369,"Port Ricky, NJ",Midwest,Commercial,Health,Senior,11,2014-06-02,Captive,LIC-86305-ZG,198,0.93,8.8,593150,266734,45.0,2977,B,True,Below,0.8,3.1
AG0111,Timothy,Smith,martinezjared@example.org,(231)987-1974,"Dayside, NM",Midwest,Health,Small Business,Junior,6,2019-06-01,Independent,LIC-33574-Za,106,0.46,8.3,715048,853357,119.3,2970,B,False,Below,0.89,1.4
AG0112,Bradley,Torres,mooredebra@example.net,704.557.5174x6712,"Juliaside, GU",Northwest,Health,Farm,Senior,9,2016-06-01,Independent,LIC-00126-jp,91,0.88,7.9,863936,705577,81.7,1996,C,True,Meets,0.91,0.5
AG0113,Peter,Wright,garybailey@example.org,(453)544-5288,"West Anthonyton, MP",West,Health,Commercial,Mid-level,9,2016-06-01,Captive,LIC-73536-It,91,0.74,9.8,529029,551363,104.2,1616,B,False,Below,0.88,0.5
AG0114,Chloe,Rogers,ofox@example.com,001-382-423-1295x01944,"Travismouth, DE",West,Auto,Farm,Executive,12,2013-06-02,Corporate,LIC-98375-OL,96,0.54,8.8,1259564,563851,44.8,1792,D,False,Meets,0.93,2.1
AG0115,Brittney,Davis,hogansherry@example.org,(725)480-2256,"Maryfurt, AL",Northwest,Multi-line,Commercial,Senior,10,2015-06-02,Corporate,LIC-05127-fd,42,0.73,8.5,998151,399728,40.0,3406,D,True,Below,0.91,2.5
AG0116,Michael,Bryant,hclark@example.org,(494)530-5578,"West Patriciaport, MN",Southeast,High-value,Commercial,Executive,17,2008-06-03,Captive,LIC-54276-BU,115,0.64,8.6,455564,262385,57.6,1169,C,True,Meets,0.91,0.5
AG0117,Michele,Curry,lsanders@example.com,001-286-216-9286x145,"Martinborough, PR",Northeast,Home,Small Business,Executive,9,2016-06-01,Independent,LIC-82866-Tt,220,0.79,8.7,708845,551063,77.7,1284,B,False,Meets,0.88,1.9
AG0118,Ricky,Young,michael62@example.com,+1-686-733-9130x89165,"Patrickview, AZ",West,Home,Multi-line,Mid-level,9,2016-06-01,Direct,LIC-38165-Om,197,0.49,7.1,1048674,768252,73.3,1861,B,False,Meets,0.77,1.9
AG0119,Linda,Johnson,johnmartinez@example.com,(649)720-4631x237,"South Victoria, NM",West,Home,Farm,Mid-level,11,2014-06-02,Corporate,LIC-12184-vb,185,0.78,9.5,553186,462763,83.7,1790,C,False,Meets,0.83,1.0
AG0120,Jeremy,Rodriguez,dianesanchez@example.com,8409338613,"Stephenfurt, NH",Midwest,Small Business,Home,Executive,5,2020-05-31,Captive,LIC-36546-Ef,185,0.54,6.8,1100016,618619,56.2,2137,A,False,Below,0.89,2.9
AG0121,Samantha,Jones,alanbishop@example.com,993.935.3982,"Blakehaven, IN",Midwest,Home,High-value,Junior,9,2016-06-01,Captive,LIC-97998-dY,144,0.79,9.3,858612,518544,60.4,2841,A,True,Meets,0.93,1.5
AG0122,Timothy,Collins,wesley81@example.net,(961)483-5062x58171,"Port Natalieport, FL",Northwest,Farm,Commercial,Senior,6,2019-06-01,Corporate,LIC-94410-wu,141,0.6,9.0,512158,373801,73.0,1971,B,False,Below,0.83,2.6
AG0123,Richard,Smith,vazquezjessica@example.net,(433)731-0956,"East Geraldside, TN",Southwest,Farm,High-value,Executive,15,2010-06-03,Corporate,LIC-97899-pp,142,0.5,7.5,687038,411896,60.0,2754,C,False,Exceeds,0.87,1.7
AG0124,Lindsey,Wolf,andrewlane@example.com,+1-417-809-4764x7486,"Byrdburgh, GU",Northeast,Health,Farm,Senior,15,2010-06-03,Direct,LIC-80623-JK,127,0.62,7.8,521747,264657,50.7,2340,A,True,Meets,0.98,2.0
AG0125,Joseph,Downs,kara36@example.org,588-423-7625,"North Lindastad, NE",West,Auto,Commercial,Mid-level,25,2000-06-05,Corporate,LIC-61966-uK,130,0.47,7.4,552297,341339,61.8,2437,C,False,Meets,0.91,1.0
AG0126,Joshua,Burch,hammondrachel@example.net,+1-207-826-2098x6182,"Kennethville, AK",Southwest,Commercial,High-value,Senior,16,2009-06-03,Corporate,LIC-39552-qc,126,0.64,7.9,1155546,629392,54.5,1903,B,False,Meets,0.78,1.1
AG0127,Rebecca,Levy,jasonmoore@example.com,927.781.4906x323,"Port Lindsey, ND",Northeast,Multi-line,Health,Mid-level,5,2020-05-31,Direct,LIC-82692-Hn,44,0.64,8.2,1014096,1023541,100.9,1811,B,False,Meets,0.7,2.8
AG0128,Dustin,Houston,nkelly@example.org,+1-252-903-7231,"West Seth, NJ",Southwest,Multi-line,Commercial,Senior,8,2017-06-01,Independent,LIC-00218-HX,97,0.78,7.5,1332358,1193979,89.6,1139,B,True,Below,0.97,1.9
AG0129,Amber,Mitchell,parkerkathleen@example.org,470-722-4478x3623,"North Huntermouth, IL",Midwest,Auto,Small Business,Senior,16,2009-06-03,Corporate,LIC-31331-Bg,123,0.63,9.7,635579,387450,61.0,2294,D,False,Below,0.75,2.0
AG0130,Kristin,Becker,dowens@example.com,001-416-705-0842x79956,"Mckenzieburgh, DC",Northeast,Commercial,Auto,Executive,15,2010-06-03,Corporate,LIC-38659-yW,111,0.95,7.4,593696,653692,110.1,1592,B,False,Exceeds,0.85,2.4
AG0131,Zachary,Sanchez,patricia33@example.org,+1-772-462-8228x65719,"North Timothyland, UT",Northwest,Commercial,Small Business,Mid-level,7,2018-06-01,Corporate,LIC-77322-ac,274,0.66,8.0,577978,357217,61.8,2381,A,False,Below,0.93,0.8
AG0132,Zoe,Walker,vle@example.net,513-932-1308x121,"West Michael, KY",Southeast,Health,Multi-line,Junior,8,2017-06-01,Independent,LIC-82518-hn,142,0.57,9.1,1387339,1129522,81.4,3487,D,True,Below,0.83,1.3
AG0133,Jose,Miller,yhuang@example.net,(765)367-3320,"New Rachael, DC",Midwest,Health,Life,Junior,17,2008-06-03,Independent,LIC-97432-XJ,84,0.49,8.8,666152,435887,65.4,2615,C,True,Meets,0.75,1.0
AG0134,Lauren,Adams,carol05@example.net,(401)737-0924x7810,"Floydhaven, NC",Northwest,Farm,Small Business,Junior,7,2018-06-01,Corporate,LIC-42380-Il,68,0.46,7.8,1298940,1245818,95.9,3871,D,True,Meets,0.69,0.9
AG0135,Kelly,Saunders,bhernandez@example.net,001-799-608-2734x2299,"Smithview, OK",Southeast,Life,Farm,Senior,7,2018-06-01,Corporate,LIC-94215-Pf,49,0.86,9.2,741697,853304,115.0,3905,D,True,Exceeds,0.85,1.9
AG0136,Karen,Brandt,victoriaryan@example.net,001-209-361-2222x15407,"Karlaville, PR",Southeast,Farm,High-value,Executive,14,2011-06-03,Captive,LIC-11422-JA,114,0.36,7.7,466837,317804,68.1,3366,C,False,Exceeds,0.85,1.5
AG0137,Stacy,Hernandez,francisco79@example.org,(661)349-3607x4161,"Franklinside, WY",Northeast,Small Business,Life,Executive,21,2004-06-04,Independent,LIC-55671-SR,83,0.56,7.7,1004075,1075481,107.1,1553,D,False,Exceeds,0.74,0.6
AG0138,Krystal,Flores,nlynn@example.org,4546921556,"South Carol, MP",Southeast,Farm,High-value,Junior,21,2004-06-04,Direct,LIC-49664-Ie,246,0.45,9.9,790873,464746,58.8,1376,A,True,Exceeds,0.83,0.9
AG0139,Ryan,Robinson,campbellrobin@example.net,001-934-345-9185x2851,"Dylanbury, IL",Southwest,Home,High-value,Executive,4,2021-05-31,Captive,LIC-84428-CA,119,0.56,8.4,444536,380225,85.5,4212,D,True,Meets,0.7,1.0
AG0140,Charles,Nielsen,udavis@example.org,794-215-1523,"Smithhaven, RI",Southwest,Small Business,High-value,Executive,28,1997-06-06,Independent,LIC-70473-Le,74,0.31,8.8,685585,683792,99.7,2322,A,True,Exceeds,0.72,1.4
AG0141,Eric,Hammond,salastammy@example.org,+1-782-317-0750,"Leeborough, MO",Midwest,Life,Commercial,Executive,6,2019-06-01,Corporate,LIC-35500-rD,68,0.66,6.2,444913,289022,65.0,4122,D,False,Exceeds,0.79,1.7
AG0142,Christian,Evans,riverakenneth@example.com,001-351-860-3772x28683,"West Matthewville, ND",Southwest,High-value,Home,Executive,16,2009-06-03,Captive,LIC-50489-Xi,151,0.66,8.1,980346,1166142,119.0,3015,C,False,Meets,0.87,1.4
AG0143,Andrew,Burns,ptaylor@example.net,724-221-9873x318,"Paulbury, FM",West,Multi-line,Farm,Senior,6,2019-06-01,Independent,LIC-64559-DH,254,0.72,8.0,767269,681141,88.8,1311,B,False,Exceeds,0.79,1.7
AG0144,Rebecca,Moss,tammydunn@example.com,497-862-0467,"Port Carolynmouth, MH",West,Auto,Home,Mid-level,14,2011-06-03,Direct,LIC-22138-lK,201,0.78,7.4,542953,476780,87.8,1422,A,True,Meets,0.84,1.4
AG0145,Kim,Rogers,reynoldsgina@example.net,8643045494,"New Kylemouth, GU",Southeast,Multi-line,Health,Senior,26,1999-06-06,Corporate,LIC-00298-KX,75,0.53,9.3,947427,560252,59.1,2182,A,True,Meets,0.82,0.5
AG0146,Melanie,Vargas,devin98@example.org,762-834-6249,"Baldwinstad, MS",Southeast,Farm,Life,Junior,17,2008-06-03,Captive,LIC-62320-wC,84,0.66,9.8,1221866,1344841,110.1,1658,C,True,Meets,0.97,2.7
AG0147,Edward,Cole,tracihamilton@example.org,276.426.7010x21381,"Kimberlytown, KS",Northeast,Auto,Farm,Executive,4,2021-05-31,Corporate,LIC-02285-Mw,190,0.41,9.6,977733,463116,47.4,2434,D,False,Below,0.78,2.3
AG0148,John,Powell,james36@example.com,(459)958-1877,"Mejiaberg, FM",Northeast,Home,Health,Executive,11,2014-06-02,Direct,LIC-71160-uF,243,0.55,7.5,809713,716253,88.5,2601,C,True,Below,0.93,0.7
AG0149,Melissa,Wilkins,leonardhill@example.net,(473)444-1120x314,"Port Tannerberg, HI",Southeast,Small Business,Health,Senior,14,2011-06-03,Direct,LIC-45038-ky,110,0.48,8.5,871774,485712,55.7,1033,A,True,Meets,0.87,1.7
AG0150,Sara,Rose,rjohnson@example.net,+1-431-743-1480x251,"Mayomouth, CO",Northeast,Life,Home,Junior,9,2016-06-01,Independent,LIC-26319-MK,135,0.57,8.5,614255,366011,59.6,2553,C,False,Below,0.89,2.6
